epoch,time,train/box_loss,train/seg_loss,train/cls_loss,train/dfl_loss,metrics/precision(B),metrics/recall(B),metrics/mAP50(B),metrics/mAP50-95(B),metrics/precision(M),metrics/recall(M),metrics/mAP50(M),metrics/mAP50-95(M),val/box_loss,val/seg_loss,val/cls_loss,val/dfl_loss,lr/pg0,lr/pg1,lr/pg2
1,61.096,3.11364,4.11037,2.76781,1.46647,0.73347,0.30973,0.45127,0.1501,0.6277,0.26506,0.31904,0.07242,2.58344,3.49167,inf,1.29511,0.00032,0.00032,0.00032
2,113.876,2.13467,2.9241,1.08977,1.05693,0,0,0,0,0,0,0,0,nan,nan,nan,nan,0.000653466,0.000653466,0.000653466
3,171.792,2.04483,2.71646,1.02415,1.02362,0,0,0,0,0,0,0,0,nan,nan,nan,nan,0.0009802,0.0009802,0.0009802
4,227.733,2.09174,2.77532,1.07136,1.03781,0,0,0,0,0,0,0,0,nan,nan,nan,nan,0.0013002,0.0013002,0.0013002
5,284.581,2.04342,2.75061,1.05402,1.01945,0,0,0,0,0,0,0,0,nan,nan,nan,nan,0.00161347,0.00161347,0.00161347
6,343.717,2.0416,2.6837,1.01211,1.02041,0.22009,0.22686,0.13539,0.04978,0.18861,0.19042,0.10081,0.03135,3.09203,5.68385,2.79158,1.42861,0.001901,0.001901,0.001901
7,402.483,2.03216,2.62507,1.00014,1.00277,0.07807,0.0429,0.0472,0.02215,0.09251,0.05084,0.05478,0.02521,nan,nan,nan,nan,0.0018812,0.0018812,0.0018812
8,461.083,2.0071,2.65269,0.99974,1.00048,0.47622,0.26717,0.22745,0.07845,0.4853,0.26242,0.2391,0.08641,2.33214,4.54278,1.45936,1.16402,0.0018614,0.0018614,0.0018614
9,515.332,2.02219,2.67505,1.00702,1.01057,0.33003,0.28945,0.23701,0.08261,0.33728,0.29701,0.25115,0.09704,3.36335,3.39697,2.81223,1.47614,0.0018416,0.0018416,0.0018416
10,573.559,1.98979,2.6074,0.99305,0.99637,0.13228,0.0429,0.02722,0.00876,0.12104,0.03791,0.02009,0.00565,3.84631,7.01114,4.28067,1.70438,0.0018218,0.0018218,0.0018218
11,633.091,1.9826,2.61757,0.98732,0.99918,0.40818,0.49985,0.34945,0.12999,0.38128,0.45636,0.3013,0.09669,2.4129,2.84968,1.99672,1.10879,0.001802,0.001802,0.001802
12,689.909,1.93849,2.52296,0.95677,0.98884,0.58942,0.4452,0.43763,0.13231,0.52065,0.38819,0.3563,0.09242,2.6221,2.92721,2.32724,1.16729,0.0017822,0.0017822,0.0017822
13,748.432,1.95183,2.5439,0.94184,0.98612,0.58686,0.58566,0.53857,0.20883,0.55557,0.54364,0.4833,0.15139,2.28487,2.63331,2.44104,1.08198,0.0017624,0.0017624,0.0017624
14,808.257,1.9651,2.58,0.97139,1.00281,0.64945,0.56009,0.56031,0.22272,0.62172,0.53541,0.51955,0.17965,2.21293,2.58471,1.36366,1.06538,0.0017426,0.0017426,0.0017426
15,870.43,1.89365,2.47259,0.93874,0.98288,0.59716,0.42995,0.43476,0.14223,0.537,0.38173,0.35977,0.10021,2.49829,2.87843,2.66513,1.14608,0.0017228,0.0017228,0.0017228
16,927.862,1.90181,2.45164,0.92995,0.98439,0.54864,0.33059,0.3228,0.08289,0.43755,0.27329,0.23731,0.05302,2.90399,3.0682,1.80939,1.27325,0.001703,0.001703,0.001703
17,979.649,1.86988,2.40358,0.94151,0.97923,0.65424,0.13547,0.21359,0.07001,0.48367,0.13547,0.18048,0.05052,nan,nan,nan,nan,0.0016832,0.0016832,0.0016832
18,1039.38,1.90567,2.48033,0.93049,0.97448,0.55495,0.46195,0.4168,0.15962,0.51193,0.43814,0.36986,0.12482,2.19294,2.58805,1.70611,1.11149,0.0016634,0.0016634,0.0016634
19,1093.26,1.84831,2.42961,0.9204,0.98262,0.63337,0.54658,0.54118,0.19592,0.53881,0.464,0.42574,0.11288,nan,nan,nan,nan,0.0016436,0.0016436,0.0016436
20,1152.74,1.84266,2.41524,0.89188,0.97833,0.70038,0.52571,0.56735,0.26127,0.67924,0.50984,0.53821,0.21643,2.01663,2.38773,1.3792,1.02956,0.0016238,0.0016238,0.0016238
21,1212.79,1.88546,2.47402,0.91523,0.9837,0.68136,0.45871,0.4962,0.22674,0.66666,0.44637,0.47365,0.19118,2.01494,2.51681,1.53846,1.04337,0.001604,0.001604,0.001604
22,1270.31,1.86551,2.41803,0.9227,0.96943,0.44016,0.59888,0.38975,0.16723,0.415,0.56305,0.35375,0.12259,2.27542,2.58805,1.81078,1.06864,0.0015842,0.0015842,0.0015842
23,1325.28,1.83235,2.3772,0.89777,0.98043,0.67824,0.66912,0.67012,0.31299,0.65718,0.63885,0.62272,0.23479,2.02157,2.32702,1.54846,1.01897,0.0015644,0.0015644,0.0015644
24,1388.77,1.8546,2.41947,0.89923,0.98007,0.61137,0.66661,0.59162,0.26624,0.59088,0.63415,0.55259,0.19991,2.03192,2.35493,1.35655,1.02481,0.0015446,0.0015446,0.0015446
25,1442.99,1.8207,2.36108,0.88766,0.96655,0.42907,0.35498,0.27681,0.07507,0.31923,0.26242,0.16789,0.0367,3.00297,3.05408,2.40408,1.24053,0.0015248,0.0015248,0.0015248
26,1498.61,1.8649,2.39568,0.885,0.96742,0.64693,0.66353,0.62769,0.27971,0.62358,0.64179,0.59088,0.22598,1.97402,2.24917,1.54714,1.00288,0.001505,0.001505,0.001505
27,1555.81,1.81228,2.3258,0.87416,0.97092,0.58475,0.5883,0.54596,0.21168,0.57506,0.57703,0.5306,0.20917,2.09228,2.37574,3.14443,1.04622,0.0014852,0.0014852,0.0014852
28,1611.04,1.80267,2.34583,0.87311,0.97053,0.74564,0.56215,0.60693,0.26601,0.72292,0.54775,0.57965,0.22105,1.99819,2.33714,1.37568,1.02225,0.0014654,0.0014654,0.0014654
29,1668.18,1.77119,2.3039,0.84927,0.96115,0.64507,0.65148,0.61559,0.29625,0.62252,0.62757,0.58294,0.23135,1.91104,2.2546,1.24316,0.98693,0.0014456,0.0014456,0.0014456
30,1722.16,1.7854,2.30602,0.86012,0.96402,0.72991,0.67501,0.68581,0.3167,0.71965,0.65942,0.66582,0.27598,1.9535,2.22245,1.11375,1.00561,0.0014258,0.0014258,0.0014258
31,1786.97,1.79432,2.37491,0.87686,0.96678,0.49923,0.55774,0.43118,0.19447,0.46996,0.50926,0.38391,0.12805,2.3008,2.49762,1.81485,1.07303,0.001406,0.001406,0.001406
32,1843.17,1.77214,2.29915,0.84165,0.95923,0.49422,0.50279,0.39832,0.1677,0.45658,0.45636,0.34609,0.10856,2.44408,2.92779,1.49664,1.10184,0.0013862,0.0013862,0.0013862
33,1900.55,1.75736,2.29489,0.84824,0.96033,0.6505,0.54694,0.56479,0.27678,0.64499,0.531,0.54439,0.22991,1.86492,2.28942,1.22935,0.99276,0.0013664,0.0013664,0.0013664
34,1954.1,1.77694,2.30119,0.84163,0.95454,0.58909,0.49339,0.48129,0.21841,0.56915,0.46224,0.44985,0.16292,2.24972,2.66531,1.36975,1.07255,0.0013466,0.0013466,0.0013466
35,2009.97,1.77634,2.29621,0.82948,0.96189,0.76915,0.55716,0.64109,0.30149,0.75495,0.54687,0.62001,0.27259,1.84794,2.2349,1.33346,0.99644,0.0013268,0.0013268,0.0013268
36,2065.84,1.77242,2.29458,0.84486,0.96114,0.66524,0.67117,0.66214,0.30462,0.64633,0.64561,0.62886,0.2364,1.90283,2.18943,1.34016,0.99146,0.001307,0.001307,0.001307
37,2123.47,1.74366,2.27907,0.84164,0.95605,0.76598,0.66463,0.71094,0.33445,0.741,0.64884,0.6725,0.26047,1.91112,2.17408,1.1165,0.99663,0.0012872,0.0012872,0.0012872
38,2180.78,1.768,2.30823,0.84254,0.96728,0.70495,0.48634,0.54896,0.14438,0.57942,0.41023,0.40836,0.09627,2.62541,2.81407,1.65757,1.16835,0.0012674,0.0012674,0.0012674
39,2236.15,1.75972,2.25668,0.82844,0.95794,0.78023,0.7063,0.7341,0.31524,0.75786,0.67234,0.69241,0.25327,1.99568,2.31676,1.08116,1.00932,0.0012476,0.0012476,0.0012476
40,2291.03,1.7231,2.23353,0.81817,0.96005,0.71626,0.67235,0.67089,0.31921,0.7113,0.65442,0.65595,0.27401,1.92502,2.18087,1.15605,0.98971,0.0012278,0.0012278,0.0012278
41,2347.71,1.74207,2.24278,0.81993,0.95398,0.69154,0.66277,0.6408,0.22576,0.60836,0.56969,0.49814,0.13683,2.36575,2.57704,1.32428,1.08839,0.001208,0.001208,0.001208
42,2405.27,1.76086,2.31283,0.82864,0.95357,0.5318,0.59536,0.50279,0.23116,0.50081,0.55277,0.45476,0.15577,2.18344,2.33944,1.40531,1.04447,0.0011882,0.0011882,0.0011882
43,2461.88,1.73869,2.25412,0.81551,0.95275,0.66172,0.64649,0.61395,0.24437,0.61069,0.58419,0.53789,0.1754,2.13799,2.39941,1.23047,1.03291,0.0011684,0.0011684,0.0011684
44,2519.73,1.70972,2.22092,0.80714,0.93925,0.5868,0.68116,0.57792,0.2709,0.57114,0.64296,0.53976,0.19797,1.99133,2.23252,1.54552,0.99978,0.0011486,0.0011486,0.0011486
45,2577.9,1.72751,2.23204,0.81101,0.9522,0.79115,0.70019,0.74127,0.35071,0.77687,0.67852,0.71402,0.29528,1.8059,2.13416,1.04822,0.97591,0.0011288,0.0011288,0.0011288
46,2638.86,1.71497,2.22475,0.80729,0.95001,0.75244,0.7038,0.71388,0.31243,0.71257,0.65442,0.65012,0.2202,1.97714,2.28631,1.10548,0.99988,0.001109,0.001109,0.001109
47,2695.03,1.76776,2.28338,0.83226,0.95818,0.677,0.65824,0.646,0.30027,0.65299,0.63356,0.60967,0.23297,2.00809,2.31434,1.30333,1.0053,0.0010892,0.0010892,0.0010892
48,2752.33,1.71857,2.21428,0.80675,0.95024,0.73806,0.67264,0.68863,0.31756,0.71472,0.63757,0.6469,0.24043,1.98344,2.28336,1.13243,0.99845,0.0010694,0.0010694,0.0010694
49,2809.19,1.71449,2.2175,0.80596,0.95227,0.71144,0.72666,0.72304,0.34961,0.69664,0.70585,0.69551,0.28437,1.86429,2.10725,1.07124,0.9801,0.0010496,0.0010496,0.0010496
50,2867.21,1.77011,2.23368,0.82072,0.9556,0.72448,0.67226,0.68114,0.27431,0.68919,0.59888,0.59921,0.18868,2.06687,2.353,1.19269,1.0217,0.0010298,0.0010298,0.0010298
51,2921.97,1.80002,2.27452,0.84445,0.96002,0.75858,0.71006,0.71998,0.28596,0.70855,0.65883,0.6498,0.22171,2.01034,2.26725,1.14443,1.0057,0.00101,0.00101,0.00101
52,2977.92,1.73678,2.24276,0.83183,0.96648,0.71575,0.70467,0.70779,0.33833,0.7001,0.66383,0.66558,0.2553,1.94776,2.16603,1.08324,0.99837,0.0009902,0.0009902,0.0009902
53,3034.99,1.75186,2.25714,0.8339,0.95128,0.50861,0.48457,0.41424,0.19183,0.49546,0.44431,0.37556,0.13278,2.26741,2.49403,1.46884,1.05429,0.0009704,0.0009704,0.0009704
54,3090.78,1.68876,2.16806,0.79341,0.94175,0.79354,0.72511,0.75537,0.3536,0.78646,0.70085,0.73164,0.30131,1.87675,2.10484,1.03216,0.98584,0.0009506,0.0009506,0.0009506
55,3158.43,1.6955,2.18634,0.80163,0.94504,0.66614,0.70526,0.67569,0.3124,0.65498,0.66089,0.63642,0.24639,1.90808,2.19362,1.17046,0.99027,0.0009308,0.0009308,0.0009308
56,3213.76,1.69085,2.17636,0.78894,0.94656,0.58936,0.67764,0.58631,0.27297,0.56999,0.63767,0.54858,0.19595,2.06592,2.25642,1.27201,1.01708,0.000911,0.000911,0.000911
57,3272.01,1.70671,2.17921,0.79171,0.93747,0.68966,0.73053,0.69737,0.33569,0.67712,0.70879,0.67423,0.2799,1.86142,2.11671,1.16677,0.97647,0.0008912,0.0008912,0.0008912
58,3327.39,1.70864,2.20407,0.80721,0.95859,0.79631,0.73296,0.76172,0.36254,0.77085,0.70732,0.71728,0.27787,1.82593,2.08795,1.04881,0.97174,0.0008714,0.0008714,0.0008714
59,3385.44,1.69668,2.20401,0.79775,0.94494,0.60279,0.65207,0.60056,0.29311,0.58506,0.62565,0.56535,0.20643,1.97982,2.21524,1.43951,0.99872,0.0008516,0.0008516,0.0008516
60,3441.46,1.72345,2.2256,0.79973,0.95153,0.78307,0.69351,0.73443,0.33397,0.73766,0.64781,0.67017,0.24145,1.90772,2.15507,1.09198,0.98549,0.0008318,0.0008318,0.0008318
61,3498.07,1.72141,2.21287,0.79623,0.94108,0.68449,0.67896,0.67115,0.30622,0.64293,0.62798,0.60283,0.20637,2.02863,2.12755,1.17842,1.0068,0.000812,0.000812,0.000812
62,3554.58,1.69573,2.20138,0.79157,0.94062,0.60858,0.68167,0.61266,0.29026,0.59643,0.65971,0.59045,0.23509,1.98899,2.2419,1.29999,1.00242,0.0007922,0.0007922,0.0007922
63,3612.25,1.67387,2.1572,0.77544,0.94231,0.80895,0.73964,0.76534,0.37183,0.78536,0.72041,0.73394,0.29602,1.80723,2.06549,1.01681,0.97213,0.0007724,0.0007724,0.0007724
64,3672.07,1.695,2.18412,0.78861,0.9434,0.77341,0.7322,0.74025,0.32948,0.72781,0.67646,0.679,0.23458,1.94712,2.22917,1.05522,0.99648,0.0007526,0.0007526,0.0007526
65,3727.9,1.67583,2.17804,0.77572,0.93671,0.51985,0.65971,0.49044,0.22017,0.48808,0.61105,0.44594,0.15377,2.11826,2.39907,1.33263,1.02109,0.0007328,0.0007328,0.0007328
66,3783.6,1.69801,2.17293,0.77813,0.94819,0.77006,0.67382,0.70239,0.23621,0.63816,0.55392,0.52715,0.13595,2.45389,2.50883,1.21231,1.09619,0.000713,0.000713,0.000713
67,3840.7,1.65784,2.12536,0.78054,0.93325,0.78795,0.75233,0.76521,0.32032,0.72894,0.69527,0.68289,0.22661,1.95458,2.22761,1.05762,0.99637,0.0006932,0.0006932,0.0006932
68,3898.9,1.67064,2.1422,0.77685,0.93705,0.81086,0.73406,0.75978,0.3497,0.78684,0.71231,0.72658,0.29382,1.81324,2.11866,1.03169,0.97378,0.0006734,0.0006734,0.0006734
69,3955.35,1.67793,2.15528,0.7707,0.94376,0.30618,0.45842,0.22002,0.09741,0.28518,0.42698,0.19525,0.06916,2.46334,2.68948,2.30351,1.09711,0.0006536,0.0006536,0.0006536
70,4011.22,1.67776,2.17874,0.77478,0.93778,0.79419,0.73582,0.75313,0.35563,0.76197,0.70408,0.71076,0.2709,1.80004,2.11932,1.06995,0.97085,0.0006338,0.0006338,0.0006338
71,4065.87,1.67018,2.16664,0.77563,0.93368,0.79488,0.72652,0.75889,0.37687,0.7829,0.7121,0.73925,0.32676,1.75456,2.01096,1.01625,0.96021,0.000614,0.000614,0.000614
72,4135.01,1.65945,2.12736,0.76898,0.93521,0.73111,0.72548,0.73358,0.36566,0.70855,0.69498,0.69543,0.27241,1.88207,2.04045,1.09628,0.97752,0.0005942,0.0005942,0.0005942
73,4190.04,1.6504,2.10163,0.75238,0.93938,0.57336,0.62827,0.53605,0.25524,0.55338,0.60804,0.50642,0.19438,2.02974,2.30236,1.24563,1.00024,0.0005744,0.0005744,0.0005744
74,4246.85,1.68181,2.14315,0.7737,0.93784,0.80198,0.74728,0.77161,0.37973,0.77814,0.71966,0.73232,0.28655,1.79154,2.04501,0.98675,0.96293,0.0005546,0.0005546,0.0005546
75,4305.92,1.66157,2.10375,0.76631,0.93791,0.79904,0.73994,0.76659,0.37235,0.78225,0.72172,0.74269,0.30918,1.81522,2.06594,1.00006,0.96992,0.0005348,0.0005348,0.0005348
76,4362.67,1.71942,2.19734,0.80275,0.9435,0.74581,0.69665,0.70361,0.25516,0.67087,0.60682,0.59234,0.1719,2.27596,2.41226,1.16789,1.05389,0.000515,0.000515,0.000515
77,4418.05,1.67519,2.15063,0.77631,0.94019,0.74877,0.7322,0.73547,0.3266,0.69841,0.6653,0.65348,0.2198,2.01488,2.15788,1.08274,1.00284,0.0004952,0.0004952,0.0004952
78,4475.3,1.64417,2.12758,0.75989,0.9324,0.47496,0.65854,0.45248,0.21255,0.45168,0.61505,0.40909,0.14906,2.00777,2.31642,1.60302,1.00042,0.0004754,0.0004754,0.0004754
79,4532.32,1.66071,2.11872,0.76161,0.93655,0.65584,0.74029,0.70133,0.3503,0.6419,0.70761,0.67505,0.2731,1.79299,2.04432,1.12308,0.96316,0.0004556,0.0004556,0.0004556
80,4588.95,1.66982,2.14685,0.77272,0.94127,0.75164,0.7355,0.75052,0.3512,0.71657,0.69615,0.6942,0.26313,1.87744,2.09453,1.05586,0.9752,0.0004358,0.0004358,0.0004358
81,4645.02,1.63312,2.0996,0.75489,0.92944,0.77207,0.76374,0.77454,0.37871,0.74139,0.7323,0.7325,0.28494,1.85167,2.04481,1.01217,0.96962,0.000416,0.000416,0.000416
82,4701.74,1.6528,2.10867,0.74916,0.93725,0.76114,0.76411,0.77064,0.39279,0.74055,0.74229,0.74553,0.30813,1.76269,1.9851,0.991,0.95869,0.0003962,0.0003962,0.0003962
83,4756.74,1.64802,2.09238,0.76023,0.93217,0.81557,0.75369,0.78854,0.39253,0.79713,0.72319,0.75306,0.30554,1.81806,2.04128,0.98786,0.9663,0.0003764,0.0003764,0.0003764
84,4814.29,1.63392,2.10706,0.76425,0.93819,0.64444,0.71143,0.6725,0.3376,0.63724,0.6788,0.64222,0.26658,1.87228,2.10924,1.15203,0.97356,0.0003566,0.0003566,0.0003566
85,4871.72,1.63853,2.09633,0.7552,0.92867,0.79409,0.7655,0.78081,0.38639,0.76951,0.72994,0.73536,0.27918,1.83921,2.03149,0.98772,0.97071,0.0003368,0.0003368,0.0003368
86,4926.94,1.63687,2.09252,0.74992,0.92961,0.81708,0.75551,0.78733,0.39227,0.79537,0.74846,0.77026,0.32709,1.75614,2.02253,0.97207,0.95787,0.000317,0.000317,0.000317
87,4987.11,1.61705,2.07629,0.74027,0.93262,0.63926,0.71349,0.66299,0.32705,0.62151,0.67989,0.62582,0.25116,1.89615,2.13245,1.17703,0.97781,0.0002972,0.0002972,0.0002972
88,5041.97,1.65369,2.09884,0.75134,0.93533,0.79607,0.75433,0.77566,0.37052,0.75927,0.71831,0.72537,0.2733,1.82863,2.06721,0.99374,0.96839,0.0002774,0.0002774,0.0002774
89,5100.35,1.6691,2.11371,0.75631,0.93925,0.65907,0.68851,0.65717,0.31217,0.62761,0.64384,0.60108,0.21675,1.9831,2.18179,1.16456,0.99548,0.0002576,0.0002576,0.0002576
90,5156.82,1.63743,2.08619,0.74857,0.9355,0.76623,0.74522,0.75158,0.36732,0.74698,0.71486,0.71267,0.27841,1.82789,2.05185,1.02925,0.96777,0.0002378,0.0002378,0.0002378
91,5206.48,1.63904,2.11221,0.77894,0.9541,0.81415,0.75081,0.77983,0.37466,0.78592,0.7176,0.73853,0.29285,1.7978,2.04874,0.99778,0.96502,0.000218,0.000218,0.000218
92,5239.86,1.60896,2.06904,0.7555,0.95291,0.80234,0.75862,0.78465,0.38866,0.77747,0.73511,0.7524,0.30632,1.73957,1.99876,0.96667,0.95509,0.0001982,0.0001982,0.0001982
93,5274.8,1.61737,2.07022,0.74556,0.95199,0.80276,0.75316,0.78474,0.39096,0.77762,0.72906,0.74905,0.3021,1.73928,1.99427,0.97714,0.95228,0.0001784,0.0001784,0.0001784
94,5307.78,1.61083,2.03792,0.74697,0.94405,0.79555,0.73994,0.77173,0.37583,0.76678,0.70232,0.72385,0.27351,1.83878,2.05645,0.99879,0.96585,0.0001586,0.0001586,0.0001586
95,5344.34,1.62085,2.07809,0.74971,0.94876,0.72511,0.72642,0.73003,0.35385,0.69291,0.69498,0.6831,0.25653,1.87919,2.08426,1.07988,0.97288,0.0001388,0.0001388,0.0001388
96,5377.05,1.61209,2.06211,0.74564,0.95457,0.65551,0.70585,0.68277,0.34156,0.6353,0.6794,0.64325,0.24856,1.89593,2.09585,1.16551,0.97841,0.000119,0.000119,0.000119
97,5410.23,1.6253,2.07462,0.74891,0.95096,0.76694,0.74875,0.76782,0.38945,0.74545,0.71643,0.72996,0.28999,1.78005,1.99366,1.00979,0.95845,9.92e-05,9.92e-05,9.92e-05
98,5443.96,1.61063,2.04402,0.73675,0.94725,0.80251,0.76315,0.78891,0.40248,0.77896,0.73788,0.75823,0.31057,1.75151,1.97828,0.9655,0.9541,7.94e-05,7.94e-05,7.94e-05
99,5478.17,1.60293,2.04284,0.73067,0.95403,0.7957,0.77026,0.78836,0.40143,0.77142,0.74675,0.76036,0.31459,1.74754,1.97774,0.96641,0.95308,5.96e-05,5.96e-05,5.96e-05
100,5511.81,1.60073,2.04656,0.73451,0.95117,0.78353,0.76726,0.7831,0.40022,0.76611,0.73994,0.75115,0.30659,1.75731,1.98234,0.97086,0.95408,3.98e-05,3.98e-05,3.98e-05
